post_id,comment_id,parent_id,level,level_path,type,title,body,author,score,upvote_ratio,num_comments,created_utc,url,permalink,is_original_content,is_self,over_18,spoiler,stickied,dataset,combined_text,created_datetime,toxicity_label,toxicity_name,toxicity_confidence,prob_NON_TOXIC,prob_MILD,prob_MODERATE,prob_TOXIC,prob_SEVERE
1ox2ln4,noywo29,1ox2ln4,1,0.1,comment,,skip. may mas mura po na maavail like yung sa gcash,r1miruuu,1,,0,2025-11-15 20:40:43,https://reddit.com/r/CebuPacific/comments/1ox2ln4/travel_insurance_upon_booking_flights/noywo29/,/r/CebuPacific/comments/1ox2ln4/travel_insurance_upon_booking_flights/noywo29/,,,False,False,False,Cebu Pacific,skip. may mas mura po na maavail like yung sa gcash,2025-11-15 20:40:43,4,TOXIC,0.2912573484931341,0.13867462366031333,0.25144883252984385,0.286548284025262,0.2912573484931341,0.03207091129144669
1ow7osu,noqmyug,1ow7osu,1,0.3,comment,,Rebook. Sobrang clutch niyan even without check in baggage.,summersunshineglow,1,,0,2025-11-14 10:05:48,https://reddit.com/r/CebuPacific/comments/1ow7osu/can_i_make_it_on_time_for_my_flight/noqmyug/,/r/CebuPacific/comments/1ow7osu/can_i_make_it_on_time_for_my_flight/noqmyug/,,,False,False,False,Cebu Pacific,Rebook. Sobrang clutch niyan even without check in baggage.,2025-11-14 10:05:48,4,TOXIC,0.4985532517814475,0.1057208235331913,0.2980487335056371,0.06338520207866016,0.4985532517814475,0.03429198910106404
1ou110k,noe7gle,noe2pu6,2,0.2.0,comment,,all yes din ba kapag international flights with cebpac?,train73962,1,,1,2025-11-12 10:58:10,https://reddit.com/r/CebuPacific/comments/1ou110k/hand_carry_inquiry/noe7gle/,/r/CebuPacific/comments/1ou110k/hand_carry_inquiry/noe7gle/,,,False,False,False,Cebu Pacific,all yes din ba kapag international flights with cebpac?,2025-11-12 10:58:10,4,TOXIC,0.393955382019802,0.19913961363745053,0.31219321178971454,0.06962198244644593,0.393955382019802,0.025089810106586938
1ou110k,noe1w2c,1ou110k,1,0.1,comment,,How about 20000 powebank po?,bluverichiskek,2,,1,2025-11-12 10:24:45,https://reddit.com/r/CebuPacific/comments/1ou110k/hand_carry_inquiry/noe1w2c/,/r/CebuPacific/comments/1ou110k/hand_carry_inquiry/noe1w2c/,,,False,False,False,Cebu Pacific,How about 20000 powebank po?,2025-11-12 10:24:45,4,TOXIC,0.4579486334416468,0.14942771021397575,0.2798242720529285,0.07484885596367935,0.4579486334416468,0.03795052832776965
1osulai,no1l8up,1osulai,1,0.0,comment,,When is this? Naghahanap ako puro 7k nagiging total nakakainis hahaha,Conscious-Ad8008,2,,2,2025-11-10 10:49:17,https://reddit.com/r/CebuPacific/comments/1osulai/is_4k_plus_rt_tix_to_bangkok_already_cheap/no1l8up/,/r/CebuPacific/comments/1osulai/is_4k_plus_rt_tix_to_bangkok_already_cheap/no1l8up/,,,False,False,False,Cebu Pacific,When is this? Naghahanap ako puro 7k nagiging total nakakainis hahaha,2025-11-10 10:49:17,4,TOXIC,0.5450144059186612,0.06950874100582449,0.21420412061561647,0.14065668967069087,0.5450144059186612,0.030616042789206863
1ot6o25,nod3mmb,1ot6o25,1,0.8,comment,,Naabutan ko dati pang 1400 ako. Ceb Super Pass sale noon. 4 hours kong hinintay.,burrmurf,1,,0,2025-11-12 07:02:47,https://reddit.com/r/CebuPacific/comments/1ot6o25/what_the_hell_is_this_queue/nod3mmb/,/r/CebuPacific/comments/1ot6o25/what_the_hell_is_this_queue/nod3mmb/,,,False,False,False,Cebu Pacific,Naabutan ko dati pang 1400 ako. Ceb Super Pass sale noon. 4 hours kong hinintay.,2025-11-12 07:02:47,4,TOXIC,0.5397639374804937,0.21063794063592264,0.17210513496980656,0.03372325867154501,0.5397639374804937,0.04376972824223218
1osbo6w,nnwlkjo,nnwh9qj,2,0.1.0,comment,,agreeeee!!! sabihin nila insensitive haha,Alarming-Low-4177,1,,0,2025-11-09 17:13:38,https://reddit.com/r/CebuPacific/comments/1osbo6w/1111_seat_sale_how/nnwlkjo/,/r/CebuPacific/comments/1osbo6w/1111_seat_sale_how/nnwlkjo/,,,False,False,False,Cebu Pacific,agreeeee!!! sabihin nila insensitive haha,2025-11-09 17:13:38,4,TOXIC,0.345684027905971,0.08283272494016834,0.2257224423394604,0.2863223161390761,0.345684027905971,0.05943848867532411
1osbo6w,no6ce8e,1osbo6w,1,0.10,comment,,"Scored a trip to Bacolod for 2k, roundtip",orbbean,1,,0,2025-11-11 05:30:03,https://reddit.com/r/CebuPacific/comments/1osbo6w/1111_seat_sale_how/no6ce8e/,/r/CebuPacific/comments/1osbo6w/1111_seat_sale_how/no6ce8e/,,,False,False,False,Cebu Pacific,"Scored a trip to Bacolod for 2k, roundtip",2025-11-11 05:30:03,4,TOXIC,0.4033942505502492,0.17928105548147197,0.223970130691717,0.1768790488410873,0.4033942505502492,0.01647551443547467
1otapb5,noszfnu,1otapb5,1,0.2,comment,,"Yes, but not piso sale. Abang ka ng mga random sale like mga 499/999 base fare.",Mysterious-Crew-887,1,,0,2025-11-14 21:24:24,https://reddit.com/r/CebuPacific/comments/1otapb5/april_2026/noszfnu/,/r/CebuPacific/comments/1otapb5/april_2026/noszfnu/,,,False,False,False,Cebu Pacific,"Yes, but not piso sale. Abang ka ng mga random sale like mga 499/999 base fare.",2025-11-14 21:24:24,4,TOXIC,0.4179482478575215,0.1377991595387926,0.22390726780548476,0.12321348045531398,0.4179482478575215,0.09713184434288719
1osphmm,no8xq40,no8xob4,2,0.10.0,comment,,"Now chineck ko March 2026 wala na saleee lol, umaabot na sa 9-10k",im_a_star888,1,,0,2025-11-11 15:43:20,https://reddit.com/r/CebuPacific/comments/1osphmm/is_44k_rt_to_vietnam_hanoi_sulit/no8xq40/,/r/CebuPacific/comments/1osphmm/is_44k_rt_to_vietnam_hanoi_sulit/no8xq40/,,,False,False,False,Cebu Pacific,"Now chineck ko March 2026 wala na saleee lol, umaabot na sa 9-10k",2025-11-11 15:43:20,4,TOXIC,0.4484132827037255,0.08587690653491395,0.1958266647356512,0.22174113925099653,0.4484132827037255,0.04814200677471274
1or37yp,nnpt3g8,1or37yp,1,0.0,comment,,its usually indicated sa ticket naman po nakalagay 1pc 20kg.,Foooopy,1,,0,2025-11-08 12:24:33,https://reddit.com/r/CebuPacific/comments/1or37yp/check_in_baggage/nnpt3g8/,/r/CebuPacific/comments/1or37yp/check_in_baggage/nnpt3g8/,,,False,False,False,Cebu Pacific,its usually indicated sa ticket naman po nakalagay 1pc 20kg.,2025-11-08 12:24:33,4,TOXIC,0.32179780374573874,0.22808084160413555,0.22559974627124846,0.18774333235221874,0.32179780374573874,0.036778276026658556
1oqqzp2,nnkqpo5,1oqqzp2,1,0.2,comment,,Yes. Basta one bag should not exceed 32 kg.,lordchase12,0,,0,2025-11-07 18:48:26,https://reddit.com/r/CebuPacific/comments/1oqqzp2/cebpac_checkin_baggage/nnkqpo5/,/r/CebuPacific/comments/1oqqzp2/cebpac_checkin_baggage/nnkqpo5/,,,False,False,False,Cebu Pacific,Yes. Basta one bag should not exceed 32 kg.,2025-11-07 18:48:26,4,TOXIC,0.3250732405266221,0.25091455683265623,0.2584388709140408,0.10615671146561498,0.3250732405266221,0.05941662026106606
1oplctp,nnd1q3m,1oplctp,1,0.0,comment,,"most likely no, probably q2 2026 onwards na sha",Lone-Wanderer11,2,,0,2025-11-06 11:53:09,https://reddit.com/r/CebuPacific/comments/1oplctp/1111_sale/nnd1q3m/,/r/CebuPacific/comments/1oplctp/1111_sale/nnd1q3m/,,,False,False,False,Cebu Pacific,"most likely no, probably q2 2026 onwards na sha",2025-11-06 11:53:09,4,TOXIC,0.43452431929620633,0.19696078715895132,0.30053982305994636,0.04410708185451606,0.43452431929620633,0.023867988630379897
1oplctp,1oplctp,,0,0,post,11.11 Sale,Kasama po kaya sa travel period ng 11.11 sale ang January 2026?,Initial-Pea-0306,10,0.86,9,2025-11-06 09:14:01,https://www.reddit.com/r/CebuPacific/comments/1oplctp/1111_sale/,/r/CebuPacific/comments/1oplctp/1111_sale/,False,True,False,False,False,Cebu Pacific,11.11 Sale Kasama po kaya sa travel period ng 11.11 sale ang January 2026?,2025-11-06 09:14:01,4,TOXIC,0.35510966368897373,0.22495206799361342,0.25742527841824153,0.11912986468550006,0.35510966368897373,0.04338312521367125
1md2ci8,n5y9lgm,n5y98zx,2,0.3.0,comment,,salamat! 23kg lang max? hindi ba 32kg?,Reed_Wolfe,1,,0,2025-07-30 17:56:45,https://reddit.com/r/philippineairlines/comments/1md2ci8/question_on_checked_luggage_allowance/n5y9lgm/,/r/philippineairlines/comments/1md2ci8/question_on_checked_luggage_allowance/n5y9lgm/,,,False,False,False,Philippine Airlines,salamat! 23kg lang max? hindi ba 32kg?,2025-07-30 17:56:45,4,TOXIC,0.3704763914545629,0.276193951985511,0.2687840268922725,0.04783479483072049,0.3704763914545629,0.03671083483693304
1lqqj2v,n1gcf5o,1lqqj2v,1,0.4,comment,,2x23. If you show up with 1x30 and 1x16 they will charge excess baggage fee for the bag that’s 30.,Hotwog4all,2,,0,2025-07-05 19:18:49,https://reddit.com/r/philippineairlines/comments/1lqqj2v/pal_baggage/n1gcf5o/,/r/philippineairlines/comments/1lqqj2v/pal_baggage/n1gcf5o/,,,False,False,False,Philippine Airlines,2x23. If you show up with 1x30 and 1x16 they will charge excess baggage fee for the bag that’s 30.,2025-07-05 19:18:49,4,TOXIC,0.4315527411195671,0.16474137584497453,0.21767605313055238,0.141974905648085,0.4315527411195671,0.04405492425682088
1on997h,nn3hie8,nn0i4yb,3,0.1.0.0,comment,,for 2 na po yung 5k?,Msbrowni,1,,1,2025-11-05 02:20:14,https://reddit.com/r/CebuPacific/comments/1on997h/is_it_a_steal/nn3hie8/,/r/CebuPacific/comments/1on997h/is_it_a_steal/nn3hie8/,,,False,False,False,Cebu Pacific,for 2 na po yung 5k?,2025-11-05 02:20:14,4,TOXIC,0.3592400060656139,0.21252218145613744,0.29668624929090387,0.0845272587162128,0.3592400060656139,0.04702430447113217
1omi4vj,nnlcvnc,nnlcp4r,3,0.0.0.0,comment,,"Possible Q2 onwards but malabo masali Q4 or if kasali, til oct lang siguro",tiredhoomanx,1,,1,2025-11-07 21:31:29,https://reddit.com/r/CebuPacific/comments/1omi4vj/1111_piso_seat_sale/nnlcvnc/,/r/CebuPacific/comments/1omi4vj/1111_piso_seat_sale/nnlcvnc/,,,False,False,False,Cebu Pacific,"Possible Q2 onwards but malabo masali Q4 or if kasali, til oct lang siguro",2025-11-07 21:31:29,4,TOXIC,0.433106363478005,0.22577856047593797,0.27856228562884394,0.05920428566722499,0.433106363478005,0.003348504749988036
1oj8wba,nmomwhh,1oj8wba,1,0.1,comment,,Is this one PNR? Parang too tight davao-mnl 2am Then 640am ang painternational,sleepinggolden,1,,1,2025-11-02 18:46:53,https://reddit.com/r/CebuPacific/comments/1oj8wba/how_reliable_is_a_flight_status_from_an_airline/nmomwhh/,/r/CebuPacific/comments/1oj8wba/how_reliable_is_a_flight_status_from_an_airline/nmomwhh/,,,False,False,False,Cebu Pacific,Is this one PNR? Parang too tight davao-mnl 2am Then 640am ang painternational,2025-11-02 18:46:53,4,TOXIC,0.5029956316507552,0.12240113966225642,0.19113821038058615,0.16523453650781564,0.5029956316507552,0.018230481798586606
1omoajm,nngqiiz,1omoajm,1,0.8,comment,,"8am checking works for me!! I booked cebpass kahit 25 days after. Unang check ko walang available dates, inaraw araw check ko lang din 🥹",Kellykileh,1,,0,2025-11-07 02:50:12,https://reddit.com/r/CebuPacific/comments/1omoajm/ceb_pass_redemption/nngqiiz/,/r/CebuPacific/comments/1omoajm/ceb_pass_redemption/nngqiiz/,,,False,False,False,Cebu Pacific,"8am checking works for me!! I booked cebpass kahit 25 days after. Unang check ko walang available dates, inaraw araw check ko lang din 🥹",2025-11-07 02:50:12,4,TOXIC,0.40508173749919746,0.311897435731531,0.20302397530499727,0.06851529839576506,0.40508173749919746,0.011481553068509308
1ogltyu,nllrnle,nlkhu3n,3,0.2.0.0,comment,,Usually under the seat ko sya nilalagay like ung krispy kreme na donut hehe,Worried_Tie3974,1,,2,2025-10-27 13:33:10,https://reddit.com/r/CebuPacific/comments/1ogltyu/can_i_bring_donutscakes/nllrnle/,/r/CebuPacific/comments/1ogltyu/can_i_bring_donutscakes/nllrnle/,,,False,False,False,Cebu Pacific,Usually under the seat ko sya nilalagay like ung krispy kreme na donut hehe,2025-10-27 13:33:10,4,TOXIC,0.3489036818727842,0.12476675476910104,0.34717823552780624,0.15339574822514404,0.3489036818727842,0.02575557960516438
1oen7j4,nl6hpcy,1oen7j4,1,0.1,comment,,Just booked for clark - el nido - clark for 2k each (total na). Di available mnl so nag hanap kami alternate airport na lang.,HelloWhiteBunny,2,,0,2025-10-25 02:26:13,https://reddit.com/r/CebuPacific/comments/1oen7j4/ceb_superpass_redemption/nl6hpcy/,/r/CebuPacific/comments/1oen7j4/ceb_superpass_redemption/nl6hpcy/,,,False,False,False,Cebu Pacific,Just booked for clark - el nido - clark for 2k each (total na). Di available mnl so nag hanap kami alternate airport na lang.,2025-10-25 02:26:13,4,TOXIC,0.3235435746677489,0.2509975451614866,0.28298640247567425,0.12467613211750504,0.3235435746677489,0.01779634557758529
1o91cg2,nkador0,nkab0xl,3,0.0.0.0,comment,,Hehe sinabi m. Every Juan (p1) can fly. E ala 1 din worth Ang service hahaha,decluttering-all,1,,0,2025-10-19 18:54:45,https://reddit.com/r/CebuPacific/comments/1o91cg2/tangina_nyo_cebupac_live_agents/nkador0/,/r/CebuPacific/comments/1o91cg2/tangina_nyo_cebupac_live_agents/nkador0/,,,False,False,False,Cebu Pacific,Hehe sinabi m. Every Juan (p1) can fly. E ala 1 din worth Ang service hahaha,2025-10-19 18:54:45,4,TOXIC,0.3338257379164372,0.20770035652368987,0.2845886469909015,0.1455821043016234,0.3338257379164372,0.028303154267348012
1oen7j4,nlgb13k,1oen7j4,1,0.2,comment,,"Kakabook ko lang for Siargao (clark-siargao-clark) Nov 14-19, paid 672.",svpe0411,2,,1,2025-10-26 17:54:08,https://reddit.com/r/CebuPacific/comments/1oen7j4/ceb_superpass_redemption/nlgb13k/,/r/CebuPacific/comments/1oen7j4/ceb_superpass_redemption/nlgb13k/,,,False,False,False,Cebu Pacific,"Kakabook ko lang for Siargao (clark-siargao-clark) Nov 14-19, paid 672.",2025-10-26 17:54:08,4,TOXIC,0.3582764900785572,0.236643126919577,0.262327186020542,0.10552092720330382,0.3582764900785572,0.037232269778020015
1od1vzt,nkxleaw,nkstonq,2,0.0.0,comment,,Hi! Sorry diko nalagay but for two na po ‘to hehe. Pasensiya na po.,Accomplished-Mood168,1,,1,2025-10-23 18:24:31,https://reddit.com/r/CebuPacific/comments/1od1vzt/ho_chi_minh_ticket/nkxleaw/,/r/CebuPacific/comments/1od1vzt/ho_chi_minh_ticket/nkxleaw/,,,False,False,False,Cebu Pacific,Hi! Sorry diko nalagay but for two na po ‘to hehe. Pasensiya na po.,2025-10-23 18:24:31,4,TOXIC,0.46023517315701684,0.1493834565354961,0.25388629928017187,0.11111843199483626,0.46023517315701684,0.02537663903247884
1oczszv,nkvdjmf,nkunlw0,2,0.1.0,comment,,"Legit. International ko na flight 7k lang. ang flight ko papuntang Davao, 10,500.",AxlBach69,1,,1,2025-10-23 07:55:18,https://reddit.com/r/CebuPacific/comments/1oczszv/ceb_super_pass_mnlcebu/nkvdjmf/,/r/CebuPacific/comments/1oczszv/ceb_super_pass_mnlcebu/nkvdjmf/,,,False,False,False,Cebu Pacific,"Legit. International ko na flight 7k lang. ang flight ko papuntang Davao, 10,500.",2025-10-23 07:55:18,4,TOXIC,0.34136133711057526,0.29490728194258164,0.2041355381583119,0.12836004779017382,0.34136133711057526,0.03123579499835733
1o91cg2,nkab0xl,njzv7gp,2,0.0.0,comment,,Parang tanga si Cebpac. maghahire nalang outsource di pa inayos,dallaswhitlock,1,,1,2025-10-19 18:29:23,https://reddit.com/r/CebuPacific/comments/1o91cg2/tangina_nyo_cebupac_live_agents/nkab0xl/,/r/CebuPacific/comments/1o91cg2/tangina_nyo_cebupac_live_agents/nkab0xl/,,,False,False,False,Cebu Pacific,Parang tanga si Cebpac. maghahire nalang outsource di pa inayos,2025-10-19 18:29:23,4,TOXIC,0.4085717751391009,0.1688358264458652,0.3769392984214504,0.04253224769972911,0.4085717751391009,0.003120852293854377
1o51imk,njl2rrs,1o51imk,1,0.16,comment,,"Afaik 1pc 7kg nalang talaga sa CebPac, even small bags are not allowed na daig pa Cathay Pacific hahaha",OkChapter1197,1,,0,2025-10-15 15:36:16,https://reddit.com/r/CebuPacific/comments/1o51imk/can_i_hand_carry_lola_nenas/njl2rrs/,/r/CebuPacific/comments/1o51imk/can_i_hand_carry_lola_nenas/njl2rrs/,,,False,False,False,Cebu Pacific,"Afaik 1pc 7kg nalang talaga sa CebPac, even small bags are not allowed na daig pa Cathay Pacific hahaha",2025-10-15 15:36:16,4,TOXIC,0.42556599841353215,0.14488448298436243,0.24035563130127696,0.1486936542659049,0.42556599841353215,0.04050023303492361
1o51imk,nj82ksr,1o51imk,1,0.6,comment,,Kapag domestic okay lang. Madaming nag-dadala ng luggage with a box of pasalubong.,InfernalQueen,1,,0,2025-10-13 12:54:12,https://reddit.com/r/CebuPacific/comments/1o51imk/can_i_hand_carry_lola_nenas/nj82ksr/,/r/CebuPacific/comments/1o51imk/can_i_hand_carry_lola_nenas/nj82ksr/,,,False,False,False,Cebu Pacific,Kapag domestic okay lang. Madaming nag-dadala ng luggage with a box of pasalubong.,2025-10-13 12:54:12,4,TOXIC,0.33485038244252735,0.18998685290195938,0.30866986800855667,0.14252867876538958,0.33485038244252735,0.023964217881567048
1o91cg2,nkfnq7t,nk9me2y,2,0.7.0,comment,,Qouta sa paramihan ng ma end na chats? kahit walang quality ganon??,dallaswhitlock,1,,0,2025-10-20 13:25:19,https://reddit.com/r/CebuPacific/comments/1o91cg2/tangina_nyo_cebupac_live_agents/nkfnq7t/,/r/CebuPacific/comments/1o91cg2/tangina_nyo_cebupac_live_agents/nkfnq7t/,,,False,False,False,Cebu Pacific,Qouta sa paramihan ng ma end na chats? kahit walang quality ganon??,2025-10-20 13:25:19,4,TOXIC,0.35109467736679356,0.2099461465641768,0.33844362496510894,0.08194439941124625,0.35109467736679356,0.01857115169267444
1nscdk4,ngriq5v,1nscdk4,1,0.0,comment,,Kaka refuel lang pag ganyan usually.,TheWanderer501,1,,0,2025-09-29 10:45:30,https://reddit.com/r/CebuPacific/comments/1nscdk4/fuel_smell_upon_landing/ngriq5v/,/r/CebuPacific/comments/1nscdk4/fuel_smell_upon_landing/ngriq5v/,,,False,False,False,Cebu Pacific,Kaka refuel lang pag ganyan usually.,2025-09-29 10:45:30,4,TOXIC,0.3869435457470076,0.20288787442735787,0.32364900411357816,0.06460337121154269,0.3869435457470076,0.02191620450051376
1nv4qf1,nhdu0uj,1nv4qf1,1,0.11,comment,,"No. 4x na ako nag-travel internationally, never tinimbang.",ButteredBaker1228,1,,0,2025-10-02 23:53:31,https://reddit.com/r/CebuPacific/comments/1nv4qf1/do_they_weigh_your_backpack/nhdu0uj/,/r/CebuPacific/comments/1nv4qf1/do_they_weigh_your_backpack/nhdu0uj/,,,False,False,False,Cebu Pacific,"No. 4x na ako nag-travel internationally, never tinimbang.",2025-10-02 23:53:31,4,TOXIC,0.48721058588474014,0.11413419781676465,0.24958058798239394,0.08369133830313955,0.48721058588474014,0.06538329001296181
1nyiat7,nid115e,ni07xwv,2,0.1.0,comment,,sa agoda sissy. hehehe ako rin sige pa mag abang almost same rin pala,Born-Lavishness-6863,1,,0,2025-10-08 11:05:07,https://reddit.com/r/CebuPacific/comments/1nyiat7/hanoi_vietnam_seat_sale/nid115e/,/r/CebuPacific/comments/1nyiat7/hanoi_vietnam_seat_sale/nid115e/,,,False,False,False,Cebu Pacific,sa agoda sissy. hehehe ako rin sige pa mag abang almost same rin pala,2025-10-08 11:05:07,4,TOXIC,0.48608893487483035,0.06129874056840736,0.18683991277249454,0.21068852008376382,0.48608893487483035,0.05508389170050386
1o51imk,nj8bwp2,1o51imk,1,0.8,comment,,No. Ilagay mo sa loob ng luggage. 7kgs dapat lahat,GuavananaPunch,1,,0,2025-10-13 14:20:09,https://reddit.com/r/CebuPacific/comments/1o51imk/can_i_hand_carry_lola_nenas/nj8bwp2/,/r/CebuPacific/comments/1o51imk/can_i_hand_carry_lola_nenas/nj8bwp2/,,,False,False,False,Cebu Pacific,No. Ilagay mo sa loob ng luggage. 7kgs dapat lahat,2025-10-13 14:20:09,4,TOXIC,0.32576511451054363,0.2528994530205084,0.3061428501920491,0.10323402139700677,0.32576511451054363,0.011958560879892102
1o2lg42,nmzqmdd,njt8zfm,5,0.0.0.0.0.1,comment,,Initial booking mo ito OP? Nag-ask ba if anong emergency?,Vegetable_Rate_1171,1,,1,2025-11-04 10:29:51,https://reddit.com/r/CebuPacific/comments/1o2lg42/i_cancelled_a_flight_voluntarily_and_requested_a/nmzqmdd/,/r/CebuPacific/comments/1o2lg42/i_cancelled_a_flight_voluntarily_and_requested_a/nmzqmdd/,,,False,False,False,Cebu Pacific,Initial booking mo ito OP? Nag-ask ba if anong emergency?,2025-11-04 10:29:51,4,TOXIC,0.4384996364136458,0.16437543431980883,0.2819152486209271,0.07968000112224195,0.4384996364136458,0.0355296795233764
1nzugsk,niwbojq,1nzugsk,1,0.1,comment,,I think thats fine. At least meron kayo enough baggage allowance for stuff na bibilhin nyo instead of worrying how to fit everything.,Bulky-Meet3893,1,,0,2025-10-11 13:32:55,https://reddit.com/r/CebuPacific/comments/1nzugsk/advice/niwbojq/,/r/CebuPacific/comments/1nzugsk/advice/niwbojq/,,,False,False,False,Cebu Pacific,I think thats fine. At least meron kayo enough baggage allowance for stuff na bibilhin nyo instead of worrying how to fit everything.,2025-10-11 13:32:55,4,TOXIC,0.5456470932824329,0.02674197257615999,0.175705128094058,0.1373813281676946,0.5456470932824329,0.11452447787965446
1nyiat7,nhvvhx3,1nyiat7,1,0.0,comment,,mura na yan! got ours for 9k balikan.,hopelessly0907,3,,0,2025-10-05 21:07:06,https://reddit.com/r/CebuPacific/comments/1nyiat7/hanoi_vietnam_seat_sale/nhvvhx3/,/r/CebuPacific/comments/1nyiat7/hanoi_vietnam_seat_sale/nhvvhx3/,,,False,False,False,Cebu Pacific,mura na yan! got ours for 9k balikan.,2025-10-05 21:07:06,4,TOXIC,0.37868422179900385,0.258939729799763,0.12811064294185165,0.12339224509777173,0.37868422179900385,0.11087316036160991
1nyio7w,nil0ri2,1nyio7w,1,0.4,comment,,"Yes, we do this too. Para no need na bumili ng luggage for pasalubong.",NightOwl888_,2,,0,2025-10-09 20:11:02,https://reddit.com/r/CebuPacific/comments/1nyio7w/checkin_baggage/nil0ri2/,/r/CebuPacific/comments/1nyio7w/checkin_baggage/nil0ri2/,,,False,False,False,Cebu Pacific,"Yes, we do this too. Para no need na bumili ng luggage for pasalubong.",2025-10-09 20:11:02,4,TOXIC,0.3153690189647546,0.11960572689733186,0.2281006411366711,0.29590503792709283,0.3153690189647546,0.04101957507414957
1nxv96r,nkeksu3,nhqm1vt,3,0.0.0.0,comment,,Hindi na po ba ikikilo before boarding? And san po makikita refilling stations?,Successful_Goal6286,1,,1,2025-10-20 08:51:39,https://reddit.com/r/CebuPacific/comments/1nxv96r/worst_of_the_worst_budget_airlines/nkeksu3/,/r/CebuPacific/comments/1nxv96r/worst_of_the_worst_budget_airlines/nkeksu3/,,,False,False,False,Cebu Pacific,Hindi na po ba ikikilo before boarding? And san po makikita refilling stations?,2025-10-20 08:51:39,4,TOXIC,0.33928340603224244,0.17993295631785314,0.32387249135475016,0.06607353659944759,0.33928340603224244,0.0908376096957066
1ng0g35,ne5tfck,1ng0g35,1,0.2,comment,,"nope NO, SHOW, means as is pa din un, they will not refund what you paid for, since paid na ung slot",irvine05181996,1,,1,2025-09-14 21:13:08,https://reddit.com/r/CebuPacific/comments/1ng0g35/no_show_flight/ne5tfck/,/r/CebuPacific/comments/1ng0g35/no_show_flight/ne5tfck/,,,False,False,False,Cebu Pacific,"nope NO, SHOW, means as is pa din un, they will not refund what you paid for, since paid na ung slot",2025-09-14 21:13:08,4,TOXIC,0.33971666805165757,0.07162378509726124,0.25290747352657367,0.27246164774308923,0.33971666805165757,0.06329042558141829
1ni5dye,neglhpo,negk0qq,2,0.0.1,comment,,Mother ko na senior ung may flight. Parang ni-re-required ni cebu pac ung Insurance - Senior Citizen. Unfair naman. Dapat may discount ung mga Senior hindi ung additional fee.,_itsmylife_,1,,0,2025-09-16 10:53:38,https://reddit.com/r/CebuPacific/comments/1ni5dye/ceb_travelsure_add_on/neglhpo/,/r/CebuPacific/comments/1ni5dye/ceb_travelsure_add_on/neglhpo/,,,False,False,False,Cebu Pacific,Mother ko na senior ung may flight. Parang ni-re-required ni cebu pac ung Insurance - Senior Citizen. Unfair naman. Dapat may discount ung mga Senior hindi ung additional fee.,2025-09-16 10:53:38,4,TOXIC,0.30105370721606217,0.2320664085341792,0.27693183606677996,0.13601954228958496,0.30105370721606217,0.05392850589339368
1niyjmg,nemlw6o,nemkzgy,2,0.0.0,comment,,"Agree, kaka-byahe ko lang. No problem at all.",lacy_daisy,2,,0,2025-09-17 09:09:30,https://reddit.com/r/CebuPacific/comments/1niyjmg/can_i_bring_my_laptop_charger_in_my_handcarry/nemlw6o/,/r/CebuPacific/comments/1niyjmg/can_i_bring_my_laptop_charger_in_my_handcarry/nemlw6o/,,,False,False,False,Cebu Pacific,"Agree, kaka-byahe ko lang. No problem at all.",2025-09-17 09:09:30,4,TOXIC,0.4098285823215475,0.17654822382082694,0.24497757689202213,0.13141807398748945,0.4098285823215475,0.037227542978113856
1nj4j32,neobktw,1nj4j32,1,0.5,comment,,"Isa lang. Strict si cebpac na 1 lang dapat. If meron ka 2 or more, ipapacling wrap mo or bili ka na lang nung malaking sako bag.",kookiemonstew,1,,0,2025-09-17 17:20:43,https://reddit.com/r/CebuPacific/comments/1nj4j32/check_in_baggage/neobktw/,/r/CebuPacific/comments/1nj4j32/check_in_baggage/neobktw/,,,False,False,False,Cebu Pacific,"Isa lang. Strict si cebpac na 1 lang dapat. If meron ka 2 or more, ipapacling wrap mo or bili ka na lang nung malaking sako bag.",2025-09-17 17:20:43,4,TOXIC,0.36492201700224514,0.33151182935760326,0.291697002031085,0.01086147952988024,0.36492201700224514,0.0010076720791863231
1niii11,nem1fgy,1niii11,1,0.8,comment,,LUH SAKIN DIN! Nabawasan din ng sobrang daming vouchers sakin.,boredbernard,1,,1,2025-09-17 07:10:20,https://reddit.com/r/CebuPacific/comments/1niii11/ceb_super_pass_renamed_to_other_people/nem1fgy/,/r/CebuPacific/comments/1niii11/ceb_super_pass_renamed_to_other_people/nem1fgy/,,,False,False,False,Cebu Pacific,LUH SAKIN DIN! Nabawasan din ng sobrang daming vouchers sakin.,2025-09-17 07:10:20,4,TOXIC,0.5793239549858522,0.10359107593538833,0.2147764450108307,0.08335412185541378,0.5793239549858522,0.01895440221251502
1nl3ijr,nf8z67o,1nl3ijr,1,0.0,comment,,Almost no chance. Enjoy Boracay.,Cold_Count1986,1,,0,2025-09-20 22:08:14,https://reddit.com/r/CebuPacific/comments/1nl3ijr/flying_to_boracay_will_my_flight_be_cancelled/nf8z67o/,/r/CebuPacific/comments/1nl3ijr/flying_to_boracay_will_my_flight_be_cancelled/nf8z67o/,,,False,False,False,Cebu Pacific,Almost no chance. Enjoy Boracay.,2025-09-20 22:08:14,4,TOXIC,0.2969646918563039,0.2721620768092757,0.22591597255846893,0.0864704063141996,0.2969646918563039,0.1184868524617518
1noevq9,nfs0c0y,1noevq9,1,0.0,comment,,"Pwede. Pero take note, ang hand carry nilalagay sa overhead compartment o sa ilalim ng upuan.",__gemini_gemini08,2,,1,2025-09-23 22:59:08,https://reddit.com/r/CebuPacific/comments/1noevq9/hand_carry/nfs0c0y/,/r/CebuPacific/comments/1noevq9/hand_carry/nfs0c0y/,,,False,False,False,Cebu Pacific,"Pwede. Pero take note, ang hand carry nilalagay sa overhead compartment o sa ilalim ng upuan.",2025-09-23 22:59:08,4,TOXIC,0.4010941766054167,0.09486040358079835,0.3598123568264241,0.13366913393708038,0.4010941766054167,0.010563929050280517
1n4umhh,nbu4uk1,nbs4njx,4,0.2.0.0.0,comment,,"False, domestic flight ang CEB-MNL leg so no immigration during said leg. Sa MNL T3 si OP dadaan sa immigration.",yertz24,1,,0,2025-09-01 21:47:23,https://reddit.com/r/CebuPacific/comments/1n4umhh/what_happens_if_i_miss_the_second_leg_of_my/nbu4uk1/,/r/CebuPacific/comments/1n4umhh/what_happens_if_i_miss_the_second_leg_of_my/nbu4uk1/,,,False,False,False,Cebu Pacific,"False, domestic flight ang CEB-MNL leg so no immigration during said leg. Sa MNL T3 si OP dadaan sa immigration.",2025-09-01 21:47:23,4,TOXIC,0.3855365687276006,0.20308698007595585,0.16581168932469315,0.13679351115539964,0.3855365687276006,0.10877125071635066
1n2cwzq,1n2cwzq,,0,0,post,Cabin crew / Flight attendants,Are there people who were accepted as flight attendants despite having benign breast lumps?,hartly02,0,0.5,2,2025-08-28 21:56:30,https://www.reddit.com/r/CebuPacific/comments/1n2cwzq/cabin_crew_flight_attendants/,/r/CebuPacific/comments/1n2cwzq/cabin_crew_flight_attendants/,False,True,False,False,False,Cebu Pacific,Cabin crew / Flight attendants Are there people who were accepted as flight attendants despite having benign breast lumps?,2025-08-28 21:56:30,4,TOXIC,0.3621035816413987,0.07085896497076,0.2517911560164567,0.2871674795146639,0.3621035816413987,0.028078817856720707
1n0rjnz,naut6uk,1n0rjnz,1,0.0,comment,,wag mo na subukan. simple rule lang po matutong sumunod.,ElectronicUmpire645,12,,0,2025-08-27 07:27:57,https://reddit.com/r/CebuPacific/comments/1n0rjnz/7kg_hand_carry/naut6uk/,/r/CebuPacific/comments/1n0rjnz/7kg_hand_carry/naut6uk/,,,False,False,False,Cebu Pacific,wag mo na subukan. simple rule lang po matutong sumunod.,2025-08-27 07:27:57,4,TOXIC,0.5454566582808554,0.14610758819717565,0.2376806991799786,0.05303698905203074,0.5454566582808554,0.01771806528995961
1lb22bu,mxrra6v,1lb22bu,1,0.0,comment,,What does your ticket says? 30kgs or 1pc/2pcs?,azyazy713,1,,1,2025-06-15 01:17:08,https://reddit.com/r/philippineairlines/comments/1lb22bu/2_pcs_checked_in_luggage_help/mxrra6v/,/r/philippineairlines/comments/1lb22bu/2_pcs_checked_in_luggage_help/mxrra6v/,,,False,False,False,Philippine Airlines,What does your ticket says? 30kgs or 1pc/2pcs?,2025-06-15 01:17:08,4,TOXIC,0.4590589362167849,0.1451871959262651,0.2820443572864315,0.0827241854755078,0.4590589362167849,0.030985325095010594
1ik1tx5,mbmjpl1,mbj6aw3,2,0.0.0,comment,,Brutal. Did you pay Air Canada or PAL? What about coming back?,Hour_Substance3717,1,,1,2025-02-08 15:46:18,https://reddit.com/r/philippineairlines/comments/1ik1tx5/baggage_help/mbmjpl1/,/r/philippineairlines/comments/1ik1tx5/baggage_help/mbmjpl1/,,,False,False,False,Philippine Airlines,Brutal. Did you pay Air Canada or PAL? What about coming back?,2025-02-08 15:46:18,4,TOXIC,0.3565791040035361,0.1394281650675453,0.3009764593324797,0.09878008480098038,0.3565791040035361,0.10423618679545857
1fbo3r7,lrinaot,lm46wx5,2,0.0.1,comment,,"This may sound dumb, but did you just do this by buying 4 tickets or do they have a special thing for doing that?",setheryb,1,,3,2024-10-12 11:47:49,https://reddit.com/r/philippineairlines/comments/1fbo3r7/has_anyone_been_successful_bidding_the_lowest/lrinaot/,/r/philippineairlines/comments/1fbo3r7/has_anyone_been_successful_bidding_the_lowest/lrinaot/,,,False,False,False,Philippine Airlines,"This may sound dumb, but did you just do this by buying 4 tickets or do they have a special thing for doing that?",2024-10-12 11:47:49,4,TOXIC,0.5032810625802998,0.069291352477985,0.12555568291669103,0.17986499217158106,0.5032810625802998,0.1220069098534431
1l5efri,1l5efri,,0,0,post,PAL Checked in baggage qty,ilan ba allowed na checked in baggage sa PAL? kahit ilan ba as long as pasok sa weight?,Successful-Key-5468,1,1.0,2,2025-06-07 14:43:35,https://www.reddit.com/r/philippineairlines/comments/1l5efri/pal_checked_in_baggage_qty/,/r/philippineairlines/comments/1l5efri/pal_checked_in_baggage_qty/,False,True,False,False,False,Philippine Airlines,PAL Checked in baggage qty ilan ba allowed na checked in baggage sa PAL? kahit ilan ba as long as pasok sa weight?,2025-06-07 14:43:35,4,TOXIC,0.4081664685532558,0.12514216970349518,0.29461747440694475,0.149898329358991,0.4081664685532558,0.022175557977313364
1nen7be,nds5kc5,ndrk472,3,0.0.0.0,comment,,"CEB airport isnt that big, baka makashopping pa kayo. Go for it!",lacy_daisy,1,,0,2025-09-12 16:23:28,https://reddit.com/r/CebuPacific/comments/1nen7be/which_flight_to_choose_with_or_without_layover/nds5kc5/,/r/CebuPacific/comments/1nen7be/which_flight_to_choose_with_or_without_layover/nds5kc5/,,,False,False,False,Cebu Pacific,"CEB airport isnt that big, baka makashopping pa kayo. Go for it!",2025-09-12 16:23:28,4,TOXIC,0.34669141305434437,0.24580449788239644,0.2596305331639413,0.09580421579665441,0.34669141305434437,0.052069340102663654
1odmr8w,1odmr8w,,0,0,post,PAL A320 Seat 51A or 51K,"hello, has anyone here booked an economy seat 51A or 51K ng PAL A320? may window po ba or exit door lang?",raido_fehu,1,1.0,1,2025-10-23 06:37:03,https://www.reddit.com/r/philippineairlines/comments/1odmr8w/pal_a320_seat_51a_or_51k/,/r/philippineairlines/comments/1odmr8w/pal_a320_seat_51a_or_51k/,False,True,False,False,False,Philippine Airlines,"PAL A320 Seat 51A or 51K hello, has anyone here booked an economy seat 51A or 51K ng PAL A320? may window po ba or exit door lang?",2025-10-23 06:37:03,4,TOXIC,0.45546450369134867,0.2848442296184631,0.18123413312342632,0.06935570600825182,0.45546450369134867,0.009101427558510216
1owqm1u,nouumvs,1owqm1u,1,0.0,comment,,of course need unless airline na mismo mag offer ng free check in,n0renn,5,,0,2025-11-15 03:09:32,https://reddit.com/r/CebuPacific/comments/1owqm1u/handcarry_to_checkin/nouumvs/,/r/CebuPacific/comments/1owqm1u/handcarry_to_checkin/nouumvs/,,,False,False,False,Cebu Pacific,of course need unless airline na mismo mag offer ng free check in,2025-11-15 03:09:32,3,MODERATE,0.4006156908197011,0.14553117099777374,0.3407781391062993,0.4006156908197011,0.10136679304038441,0.011708206035841473
1oxmsdk,np4n88u,1oxmsdk,1,0.1,comment,,At the prerogative ng agent. Most of the time magkakatabi naman kayo.,Friendly_Spirit3457,1,,0,2025-11-16 19:05:45,https://reddit.com/r/CebuPacific/comments/1oxmsdk/free_seat_selection/np4n88u/,/r/CebuPacific/comments/1oxmsdk/free_seat_selection/np4n88u/,,,False,False,False,Cebu Pacific,At the prerogative ng agent. Most of the time magkakatabi naman kayo.,2025-11-16 19:05:45,3,MODERATE,0.2785473456082853,0.25455359709350184,0.27837900680227123,0.2785473456082853,0.16899696174543188,0.019523088750509805
1o7w00l,njs7sae,1o7w00l,1,0.0,comment,,"No, it is in the T&C name cannot be changed or corrected. Hindi din maedit ang name when you book",myheartexploding,2,,1,2025-10-16 20:16:50,https://reddit.com/r/CebuPacific/comments/1o7w00l/missing_first_name_on_cebpass_voucher/njs7sae/,/r/CebuPacific/comments/1o7w00l/missing_first_name_on_cebpass_voucher/njs7sae/,,,False,False,False,Cebu Pacific,"No, it is in the T&C name cannot be changed or corrected. Hindi din maedit ang name when you book",2025-10-16 20:16:50,3,MODERATE,0.38160537898306923,0.3035791193604487,0.2808899797498845,0.38160537898306923,0.029901360561933186,0.004024161344664318
1oci8u3,nkpa3en,1oci8u3,1,0.0,comment,,Havent tried it personally but you can have it checked in and use their own wheelchair. I think merong option before mag book ticket na you need special assistance and need nyo yung wheelchair sa airport,GuavananaPunch,2,,1,2025-10-22 09:08:55,https://reddit.com/r/CebuPacific/comments/1oci8u3/own_wheelchair/nkpa3en/,/r/CebuPacific/comments/1oci8u3/own_wheelchair/nkpa3en/,,,False,False,False,Cebu Pacific,Havent tried it personally but you can have it checked in and use their own wheelchair. I think merong option before mag book ticket na you need special assistance and need nyo yung wheelchair sa airport,2025-10-22 09:08:55,3,MODERATE,0.4295479093273229,0.13401028182456706,0.3219896918600773,0.4295479093273229,0.1067809747399315,0.0076711422481010585
1oqlian,nnkqw44,1oqlian,1,0.0,comment,,hello what route cancel? my god di pa sila nagsasabi kung cancelled flights tomorrow eh landfall ng bagyo yun…,Zestyclose-Wear3951,1,,1,2025-11-07 18:50:05,https://reddit.com/r/CebuPacific/comments/1oqlian/rebook_or_travel_fund/nnkqw44/,/r/CebuPacific/comments/1oqlian/rebook_or_travel_fund/nnkqw44/,,,False,False,False,Cebu Pacific,hello what route cancel? my god di pa sila nagsasabi kung cancelled flights tomorrow eh landfall ng bagyo yun…,2025-11-07 18:50:05,3,MODERATE,0.35053018774338357,0.23740788352334807,0.3401346052469119,0.35053018774338357,0.06773935973936183,0.00418796374699447
1ocxa5n,nkqo10s,1ocxa5n,1,0.1,comment,,"Yeah very expensive yung 15k rt, tuwing chinese new year may sale sila sa mga countries na yan, watch out for it.",jo_chan0106,2,,0,2025-10-22 15:26:27,https://reddit.com/r/CebuPacific/comments/1ocxa5n/advance_flight_booking_in_ceb_pac_for_september/nkqo10s/,/r/CebuPacific/comments/1ocxa5n/advance_flight_booking_in_ceb_pac_for_september/nkqo10s/,,,False,False,False,Cebu Pacific,"Yeah very expensive yung 15k rt, tuwing chinese new year may sale sila sa mga countries na yan, watch out for it.",2025-10-22 15:26:27,3,MODERATE,0.36175872741771053,0.0634229998823286,0.16406151199279184,0.36175872741771053,0.35256723825978864,0.05818952244738036
1o91cg2,nk9mk6z,nk253hu,2,0.12.1,comment,,"Kahit piso fare yan, di naman nilagay sa T&C na you’ll get shit customer service.",jollibeeborger23,2,,0,2025-10-19 14:23:43,https://reddit.com/r/CebuPacific/comments/1o91cg2/tangina_nyo_cebupac_live_agents/nk9mk6z/,/r/CebuPacific/comments/1o91cg2/tangina_nyo_cebupac_live_agents/nk9mk6z/,,,False,False,False,Cebu Pacific,"Kahit piso fare yan, di naman nilagay sa T&C na you’ll get shit customer service.",2025-10-19 14:23:43,3,MODERATE,0.3334038604875906,0.1103572860955258,0.24407282169961095,0.3334038604875906,0.22935055309879748,0.08281547861847528
1nukwd8,nh5l1pv,1nukwd8,1,0.0,comment,,Call their hotline. Ceb Pac really sucks.,PomegranateUnfair647,1,,0,2025-10-01 16:55:23,https://reddit.com/r/CebuPacific/comments/1nukwd8/missing_travel_fund/nh5l1pv/,/r/CebuPacific/comments/1nukwd8/missing_travel_fund/nh5l1pv/,,,False,False,False,Cebu Pacific,Call their hotline. Ceb Pac really sucks.,2025-10-01 16:55:23,3,MODERATE,0.4267292738090443,0.0821087680198648,0.19285076943891769,0.4267292738090443,0.15018193429177976,0.14812925444039343
1ny0c15,nhuw605,1ny0c15,1,0.4,comment,,check the measurements baka need sa oversized baggage just paid 2k today bc of this hahaha,Ok_Associate6140,1,,0,2025-10-05 16:07:18,https://reddit.com/r/CebuPacific/comments/1ny0c15/how_to_check_in_desktop_monitors/nhuw605/,/r/CebuPacific/comments/1ny0c15/how_to_check_in_desktop_monitors/nhuw605/,,,False,False,False,Cebu Pacific,check the measurements baka need sa oversized baggage just paid 2k today bc of this hahaha,2025-10-05 16:07:18,3,MODERATE,0.41779179920844256,0.1636514405352563,0.331481380578374,0.41779179920844256,0.07112727764810668,0.015948102029820384
1n1x5v4,nb2azw9,1n1x5v4,1,0.0,comment,,"Yes, that's fine. You only mirror the First & Last Names in your passport.",MrSunshine_21,1,,2,2025-08-28 10:28:47,https://reddit.com/r/CebuPacific/comments/1n1x5v4/middle_name/nb2azw9/,/r/CebuPacific/comments/1n1x5v4/middle_name/nb2azw9/,,,False,False,False,Cebu Pacific,"Yes, that's fine. You only mirror the First & Last Names in your passport.",2025-08-28 10:28:47,3,MODERATE,0.521583655505262,0.11598392820029253,0.23586793575520984,0.521583655505262,0.09137314443591234,0.0351913361033233
1n4umhh,nbzcn5k,1n4umhh,1,0.10,comment,,If its because of immigration then cebupacific wont cover it. If the flight from cebu to manila gets delayed then yes they will,Mountain_Wafer_900,1,,0,2025-09-02 16:42:38,https://reddit.com/r/CebuPacific/comments/1n4umhh/what_happens_if_i_miss_the_second_leg_of_my/nbzcn5k/,/r/CebuPacific/comments/1n4umhh/what_happens_if_i_miss_the_second_leg_of_my/nbzcn5k/,,,False,False,False,Cebu Pacific,If its because of immigration then cebupacific wont cover it. If the flight from cebu to manila gets delayed then yes they will,2025-09-02 16:42:38,3,MODERATE,0.35697345392234786,0.08202700383147139,0.29411889475552694,0.35697345392234786,0.25632521777920336,0.01055542971145053
1n4umhh,nbsq0m6,nbska3j,3,0.0.0.0,comment,,"Then I would not worry about it at all! Since it's a connecting flight, you won't need to claim baggages, and there's no need to check in either. Just go straight to international departures and line up for immigration. Even if they hold you for like 1 hr (which I doubt), you'd still be able to make it.",Feeling-General7542,3,,0,2025-09-01 15:00:18,https://reddit.com/r/CebuPacific/comments/1n4umhh/what_happens_if_i_miss_the_second_leg_of_my/nbsq0m6/,/r/CebuPacific/comments/1n4umhh/what_happens_if_i_miss_the_second_leg_of_my/nbsq0m6/,,,False,False,False,Cebu Pacific,"Then I would not worry about it at all! Since it's a connecting flight, you won't need to claim baggages, and there's no need to check in either. Just go straight to international departures and line up for immigration. Even if they hold you for like 1 hr (which I doubt), you'd still be able to make it.",2025-09-01 15:00:18,3,MODERATE,0.46891484214790874,0.2605757192137686,0.2539328584072736,0.46891484214790874,0.0021711969539179154,0.014405383277131102
1n4q22u,nbnilka,nbni1e9,2,0.1.0,comment,,Ohh thanks for this. I’ll buy extra baggage na lang siguro for peace of mind,promdiboi,0,,0,2025-08-31 20:37:25,https://reddit.com/r/CebuPacific/comments/1n4q22u/free_check_in_baggage/nbnilka/,/r/CebuPacific/comments/1n4q22u/free_check_in_baggage/nbnilka/,,,False,False,False,Cebu Pacific,Ohh thanks for this. I’ll buy extra baggage na lang siguro for peace of mind,2025-08-31 20:37:25,3,MODERATE,0.37927694650239807,0.19887037245139536,0.25713452026933925,0.37927694650239807,0.15449140817651744,0.010226752600349857
1n4umhh,nbs4njx,nbrx8m2,3,0.2.0.0,comment,,You should be cleared by immigration dyan pa lang sa Cebu because hindi ka na lalabas ng airport sa Manila.,[deleted],-1,,1,2025-09-01 12:02:31,https://reddit.com/r/CebuPacific/comments/1n4umhh/what_happens_if_i_miss_the_second_leg_of_my/nbs4njx/,/r/CebuPacific/comments/1n4umhh/what_happens_if_i_miss_the_second_leg_of_my/nbs4njx/,,,False,False,False,Cebu Pacific,You should be cleared by immigration dyan pa lang sa Cebu because hindi ka na lalabas ng airport sa Manila.,2025-09-01 12:02:31,3,MODERATE,0.3280516662957119,0.11025183974292686,0.23988072492206877,0.3280516662957119,0.28245455748238474,0.03936121155690768
1mznp5a,1mznp5a,,0,0,post,okay lang po kaya ito?,Okay lang po kaya ito? Or hindj po nila ito tatangapin? Need help po,Great_Conclusion7222,9,1.0,10,2025-08-25 19:17:37,https://www.reddit.com/gallery/1mznp5a,/r/CebuPacific/comments/1mznp5a/okay_lang_po_kaya_ito/,False,False,False,False,False,Cebu Pacific,okay lang po kaya ito? Okay lang po kaya ito? Or hindj po nila ito tatangapin? Need help po,2025-08-25 19:17:37,3,MODERATE,0.3652703847023332,0.21665077633743013,0.3308417513393025,0.3652703847023332,0.054484445092052185,0.032752642528882
1nxk414,nkkx06e,1nxk414,1,0.9,comment,,Philippine Airline staff at LAX really made me feel like trash and I’m with you on using another carrier.,clonkdeplonk,1,,0,2025-10-21 18:55:48,https://reddit.com/r/philippineairlines/comments/1nxk414/my_first_and_most_probably_last_time_with_pal_and/nkkx06e/,/r/philippineairlines/comments/1nxk414/my_first_and_most_probably_last_time_with_pal_and/nkkx06e/,,,False,False,False,Philippine Airlines,Philippine Airline staff at LAX really made me feel like trash and I’m with you on using another carrier.,2025-10-21 18:55:48,3,MODERATE,0.5151262301823148,0.12714989652103914,0.20790609250613137,0.5151262301823148,0.11703543085993354,0.032782349930581114
1o8sfu4,nkk4mi0,njzfu4j,2,0.0.2,comment,,For real yung pila in the morning sa immigration ng T3 is so crazy!!!! Like abot sa labas. Yikes,Working_Might_5836,1,,0,2025-10-21 14:00:27,https://reddit.com/r/philippineairlines/comments/1o8sfu4/naia_t1_to_t3_3_hours_enough/nkk4mi0/,/r/philippineairlines/comments/1o8sfu4/naia_t1_to_t3_3_hours_enough/nkk4mi0/,,,False,False,False,Philippine Airlines,For real yung pila in the morning sa immigration ng T3 is so crazy!!!! Like abot sa labas. Yikes,2025-10-21 14:00:27,3,MODERATE,0.48809548692756405,0.08280250205938418,0.26204048190667756,0.48809548692756405,0.12931139984369522,0.037750129262679136
1o8vyle,nketwjs,nk1zwzn,2,0.2.1,comment,,To add it’s for the safety of the baggage handlers. If the suit cases are too heavy they might have difficulty carrying it and get injured,sabreist,1,,0,2025-10-20 09:48:55,https://reddit.com/r/philippineairlines/comments/1o8vyle/question_about_baggage/nketwjs/,/r/philippineairlines/comments/1o8vyle/question_about_baggage/nketwjs/,,,False,False,False,Philippine Airlines,To add it’s for the safety of the baggage handlers. If the suit cases are too heavy they might have difficulty carrying it and get injured,2025-10-20 09:48:55,3,MODERATE,0.3295862064106384,0.25100172645879393,0.3056854746708392,0.3295862064106384,0.11124865833369937,0.002477934126029112
1oky4ot,nmf0u5h,1oky4ot,1,0.2,comment,,"For a 10+ hour flight, yeah. For a 4-hour flight, I personally can’t justify it.",Balls_B_Itchy,1,,0,2025-11-01 02:50:06,https://reddit.com/r/philippineairlines/comments/1oky4ot/business_class_mnl_to_kix/nmf0u5h/,/r/philippineairlines/comments/1oky4ot/business_class_mnl_to_kix/nmf0u5h/,,,False,False,False,Philippine Airlines,"For a 10+ hour flight, yeah. For a 4-hour flight, I personally can’t justify it.",2025-11-01 02:50:06,3,MODERATE,0.3165333275352543,0.1837347855560453,0.27392824646210506,0.3165333275352543,0.18021152343989746,0.045592117006697824
1owwup4,noxqvxq,novtsxg,2,0.0.0,comment,,They do this all the time. [https://travel.stackexchange.com/questions/134957/how-seriously-should-i-take-size-and-weight-limits-of-hand-luggage](https://travel.stackexchange.com/questions/134957/how-seriously-should-i-take-size-and-weight-limits-of-hand-luggage),ogag79,1,,0,2025-11-15 13:52:29,https://reddit.com/r/philippineairlines/comments/1owwup4/pal_carry_on_luggage_size/noxqvxq/,/r/philippineairlines/comments/1owwup4/pal_carry_on_luggage_size/noxqvxq/,,,False,False,False,Philippine Airlines,They do this all the time. [https://travel.stackexchange.com/questions/134957/how-seriously-should-i-take-size-and-weight-limits-of-hand-luggage](https://travel.stackexchange.com/questions/134957/how-seriously-should-i-take-size-and-weight-limits-of-hand-luggage),2025-11-15 13:52:29,3,MODERATE,0.4511202924225987,0.02051957426666518,0.14447573918808254,0.4511202924225987,0.3333103437288004,0.050574050393853084
1oup2ng,noextm7,1oup2ng,1,0.0,comment,,"Unless you identify as male, you need to modify it. That's your honest mistake btw, and you have to pay for it.",StellarBoy0629,2,,0,2025-11-12 14:13:21,https://reddit.com/r/philippineairlines/comments/1oup2ng/wrong_salutation/noextm7/,/r/philippineairlines/comments/1oup2ng/wrong_salutation/noextm7/,,,False,False,False,Philippine Airlines,"Unless you identify as male, you need to modify it. That's your honest mistake btw, and you have to pay for it.",2025-11-12 14:13:21,3,MODERATE,0.4303703498676485,0.08597881917982618,0.15112287510825706,0.4303703498676485,0.20087145755451521,0.13165649828975298
1nqr921,1nqr921,,0,0,post,Update on Your Upcoming Flight…,"Nope, just an upgrade to business class offer. Seriously this should be illegal. People will stop opening these types of emails and miss real updates like flight time changes, cancellations, and plane swaps. Whoever approved this type of marketing should be fired, especially when it is sent during a typhoon!",Cold_Count1986,50,0.77,35,2025-09-26 11:46:07,https://i.redd.it/u8jb276ykfrf1.jpeg,/r/philippineairlines/comments/1nqr921/update_on_your_upcoming_flight/,False,False,False,False,False,Philippine Airlines,"Update on Your Upcoming Flight… Nope, just an upgrade to business class offer. Seriously this should be illegal. People will stop opening these types of emails and miss real updates like flight time changes, cancellations, and plane swaps. Whoever approved this type of marketing should be fired, especially when it is sent during a typhoon!",2025-09-26 11:46:07,3,MODERATE,0.42251723900046084,0.1961739239731931,0.3669172730803422,0.42251723900046084,0.01422986329364145,0.00016170065236236514
1nikfnz,nf3q0hx,1nikfnz,1,0.0,comment,,"We have and my kid’s bottles go up to over 200ml - and they’re all filled with water too! As long as you’re carrying baby supplies and you are traveling with a child, they’ll let you through.",TheWheels_OnTheBus,1,,0,2025-09-20 01:11:33,https://reddit.com/r/philippineairlines/comments/1nikfnz/flying_with_a_2_year_old_toddler_with_more_than/nf3q0hx/,/r/philippineairlines/comments/1nikfnz/flying_with_a_2_year_old_toddler_with_more_than/nf3q0hx/,,,False,False,False,Philippine Airlines,"We have and my kid’s bottles go up to over 200ml - and they’re all filled with water too! As long as you’re carrying baby supplies and you are traveling with a child, they’ll let you through.",2025-09-20 01:11:33,3,MODERATE,0.4033181945201066,0.32608534277547024,0.23636227571834317,0.4033181945201066,0.024593777909209264,0.009640409076870637
